Time,Cum_GASINJ,Cum_GASPROD,Cum_OILPROD,Inlet_Pres
(hrs),(Scc),(Scc),(sep-cc),(atma)
0.00,0.00,0.00,0.00,331.51
0.10,27.08,0.00,0.07,331.45
0.20,272.34,30.29,0.56,331.49
0.30,308.96,89.51,0.47,331.46
0.40,569.16,169.39,0.90,331.47
0.50,438.68,202.88,0.43,331.55
0.60,669.52,238.17,0.89,331.57
0.70,790.90,269.68,1.08,331.64
0.80,794.25,310.79,0.94,331.69
0.90,813.12,337.26,0.88,331.70
1.00,1078.35,336.02,1.52,331.73
1.10,1217.63,460.56,1.52,331.70
1.20,1338.64,533.92,1.61,331.64
1.30,1264.95,507.87,1.45,331.61
1.40,1441.96,600.04,1.62,331.66
1.50,1392.54,591.64,1.47,331.69
1.60,1564.49,591.20,1.87,331.68
1.70,1712.15,649.53,2.05,331.73
1.80,1844.37,748.31,2.09,331.76
1.90,2098.44,872.04,2.38,331.72
2.00,2126.17,888.94,2.36,331.74
2.10,1995.03,904.03,1.94,331.73
2.20,2224.54,986.18,2.27,331.73
2.30,2328.45,992.35,2.47,331.77
2.40,2629.35,1076.79,2.98,331.74
2.50,2767.27,1052.86,3.34,331.80
2.60,2585.85,1117.95,2.66,331.79
2.70,2989.45,1241.59,3.32,331.87
2.80,3125.54,1266.50,3.56,331.83
2.90,3065.41,1306.90,3.25,331.84
3.00,3114.99,1332.21,3.26,331.85
3.10,3272.65,1381.46,3.49,331.83
3.20,3393.30,1485.64,3.48,331.84
3.30,3516.89,1469.08,3.79,331.84
3.40,3574.09,1520.95,3.76,331.77
3.50,3794.47,1543.23,4.21,331.84
3.60,3697.14,1562.02,3.86,331.84
3.70,3889.01,1676.95,4.01,331.84
3.80,4137.69,1718.33,4.49,331.79
3.90,4069.52,1773.43,4.12,331.79
4.00,4359.55,1880.60,4.53,331.83
4.10,4573.23,1921.62,4.92,331.84
4.20,4390.32,1971.28,4.27,331.84
4.30,4724.16,2022.28,4.94,331.85
4.40,4630.67,2013.15,4.67,331.85
4.50,4756.11,2060.82,4.82,331.81
4.60,4834.08,2045.37,5.00,331.87
4.70,5041.62,2146.71,5.22,331.84
4.80,5242.81,2243.90,5.43,331.85
4.90,5268.32,2284.27,5.34,331.80
5.00,5262.52,2350.48,5.11,331.76
5.10,5540.70,2413.86,5.61,331.73
5.20,5713.86,2466.39,5.87,331.69
5.30,5742.64,2473.72,5.87,331.70
5.40,5669.95,2520.78,5.49,331.85
5.50,5937.55,2587.45,5.95,331.84
5.60,6108.79,2586.65,6.33,331.89
5.70,6176.63,2616.22,6.37,331.92
5.80,6194.06,2688.53,6.18,331.88
5.90,6301.13,2743.44,6.26,331.87
6.00,6494.26,2779.10,6.61,331.87
6.10,6457.80,2827.58,6.34,331.85
6.20,6656.10,2867.84,6.69,331.87
6.30,6817.40,2923.95,6.90,331.92
6.40,6933.99,2942.74,7.10,331.89
6.50,6902.23,3017.01,6.77,331.93
6.60,7114.47,3025.37,7.24,331.95
6.70,7104.60,3254.88,6.61,331.61
6.80,7302.88,3287.10,7.00,331.47
6.90,7558.94,3335.08,7.48,331.49
7.00,7740.62,3425.81,7.67,331.42
7.10,7741.67,3467.27,7.52,331.38
7.20,7961.19,3473.84,8.02,331.35
7.30,8172.11,3489.93,8.46,331.42
7.40,8235.60,3582.50,8.33,331.46
7.50,8253.71,3591.31,8.30,331.49
7.60,8441.73,3697.29,8.44,331.64
7.70,8369.38,3722.10,8.14,331.64
7.80,8724.60,3762.69,8.89,331.69
7.90,8688.18,3804.53,8.64,331.68
8.00,8845.77,3859.21,8.85,331.72
8.10,8817.11,3901.93,8.61,331.79
8.20,8817.92,3920.96,8.52,331.73
8.30,8842.30,3936.03,8.49,331.77
8.40,8990.42,3992.87,8.66,331.88
8.50,9192.68,4035.86,9.02,331.89
8.60,9252.67,4078.13,9.01,331.95
8.70,9561.08,4140.69,9.60,331.89
8.80,9631.67,4157.17,9.70,331.83
8.90,9683.94,4232.89,9.60,331.81
9.00,9760.92,4279.89,9.63,331.79
9.10,9822.06,4313.59,9.66,331.74
9.20,10048.50,4355.52,10.09,331.79
9.30,10218.17,4371.59,10.42,331.89
9.40,10227.96,4460.79,10.17,331.89
9.50,10180.37,4494.66,9.91,331.95
9.60,10447.87,4529.18,10.47,331.89
9.70,10276.24,4601.93,9.80,331.89
9.80,10567.64,4626.39,10.45,331.84
9.90,10867.27,4715.18,10.95,331.84
10.00,10590.20,4691.44,10.26,331.83
10.10,10639.66,4740.95,10.21,331.91
10.20,10773.39,4805.49,10.35,331.87
10.30,10939.10,4848.85,10.62,331.89
10.40,10929.10,4840.42,10.58,331.87
10.50,11094.00,4863.87,10.92,331.76
10.60,11284.89,4912.26,11.25,331.72
10.70,11317.32,4927.68,11.27,331.61
10.80,11389.75,4976.45,11.31,331.50
10.90,11238.75,4968.45,10.91,331.49
11.00,11398.06,5010.76,11.18,331.46
11.10,11476.00,5035.30,11.29,331.41
11.20,11607.25,5075.62,11.49,331.41
11.30,11387.35,5059.57,10.94,331.35
11.40,11628.86,5083.35,11.47,331.32
11.50,11656.80,5131.79,11.37,331.43
11.60,11638.03,5142.57,11.25,331.51
11.70,11780.62,5174.11,11.50,331.53
11.80,11580.21,5166.12,10.97,331.55
11.90,11635.50,5190.32,11.01,331.58
12.00,11660.22,5215.26,10.97,331.68
12.10,11736.72,5223.31,11.12,331.62
12.20,11701.74,5214.53,11.01,331.72
12.30,11834.95,5271.02,11.18,331.70
12.40,11751.97,5263.00,10.96,331.68
12.50,11770.44,5229.27,11.07,331.68
12.60,11835.24,5245.75,11.16,331.68
12.70,12014.67,5294.85,11.47,331.65
12.80,11902.74,5320.39,11.09,331.65
12.90,12114.12,5320.32,11.60,331.70
13.00,11968.45,5327.74,11.18,331.70
13.10,11976.32,5366.58,11.07,331.73
13.20,12139.99,5364.40,11.46,331.80
13.30,12270.65,5380.87,11.73,331.77
13.40,12074.43,5403.74,11.15,331.72
13.50,12153.49,5385.10,11.38,331.72
13.60,12260.52,5441.94,11.48,331.74
13.70,12420.03,5465.87,11.80,331.77
13.80,12252.27,5410.90,11.48,331.83
13.90,12479.17,5471.82,11.87,331.92
14.00,12268.63,5478.53,11.29,331.92
14.10,12498.35,5509.37,11.78,331.89
14.20,12448.54,5517.45,11.61,331.89
14.30,12745.62,5564.68,12.24,331.81
14.40,12624.88,5579.78,11.87,331.83
14.50,12542.53,5597.56,11.59,331.85
14.60,12857.70,5581.16,12.42,331.85
14.70,12724.74,5704.96,11.74,331.87
14.80,12840.18,5697.35,12.04,331.84
14.90,12957.86,5718.62,12.27,331.84
15.00,13123.96,5741.76,12.64,331.68
15.10,13014.99,5769.74,12.27,331.69
15.20,12925.85,5809.76,11.92,331.70
15.30,13040.00,5825.54,12.16,331.69
15.40,12956.86,5785.89,12.02,331.76
15.50,13256.50,5882.38,12.53,331.72
15.60,13156.24,5874.32,12.27,331.77
15.70,12900.82,5897.50,11.54,331.76
15.80,13119.82,5950.02,11.95,331.79
15.90,13147.53,5965.10,11.96,331.81
16.00,13150.32,5956.68,11.97,331.83
16.10,13306.00,6015.99,12.20,331.88
16.20,13499.73,6021.58,12.66,331.89
16.30,13685.96,6072.34,12.99,331.91
16.40,13577.27,6063.34,12.74,331.79
16.50,13500.49,6083.90,12.48,331.73
16.60,13849.26,6106.02,13.30,331.77
16.70,13926.63,6162.17,13.34,331.79
16.80,13726.69,6178.34,12.77,331.80
16.90,13810.70,6226.41,12.84,331.89
17.00,13655.60,6219.05,12.45,331.84
17.10,13764.37,6252.27,12.62,331.91
17.20,14144.93,6302.08,13.46,331.87
17.30,14114.89,6278.21,13.43,331.89
17.40,14062.82,6368.07,13.05,331.89
17.50,14149.63,6384.20,13.22,331.88
17.60,14161.85,6374.38,13.27,331.84
17.70,13998.27,6419.90,12.74,331.70
17.80,14049.96,6403.05,12.90,331.76
17.90,14339.40,6475.32,13.45,331.70
18.00,14338.82,6465.15,13.46,331.73
18.10,14433.50,6456.03,13.71,331.77
18.20,14397.76,6458.82,13.60,331.76
18.30,14317.97,6522.36,13.21,331.84
18.40,14494.15,6564.70,13.55,331.80
18.50,14469.24,6563.30,13.47,331.84
18.60,14629.62,6606.80,13.76,331.84
18.70,14643.99,6613.47,13.77,331.83
18.80,14706.60,6694.54,13.70,331.92
18.90,14756.90,6686.46,13.84,331.87
19.00,14798.41,6732.66,13.82,331.87
19.10,15002.80,6732.28,14.34,331.83
19.20,14575.77,6766.14,13.15,331.81
19.30,14456.29,6779.73,12.81,331.73
19.40,14631.40,6845.70,13.08,331.73
19.50,14529.91,6811.32,12.89,331.80
19.60,14911.40,6902.42,13.62,331.83
19.70,14920.75,6861.81,13.74,331.80
19.80,15046.71,6912.92,13.93,331.74
19.90,14837.24,6943.84,13.31,331.70
20.00,14878.08,6966.30,13.36,331.61
20.10,15042.68,7000.32,13.68,331.66
20.20,15283.74,6999.60,14.29,331.68
20.30,15123.67,7033.55,13.78,331.68
20.40,15033.07,7074.62,13.43,331.73
20.50,15219.17,7058.46,13.95,331.65
20.60,15055.88,7066.89,13.49,331.73
20.70,15284.43,7090.74,14.00,331.79
20.80,15472.11,7114.59,14.42,331.70
20.90,15586.86,7147.57,14.61,331.79
21.00,15564.63,7134.67,14.56,331.91
21.10,15658.15,7202.28,14.62,331.87
21.20,15742.96,7231.32,14.75,331.88
21.30,15637.73,7273.09,14.36,331.91
21.40,15668.33,7290.04,14.39,331.87
21.50,15547.43,7372.66,13.86,331.87
21.60,15809.92,7371.93,14.52,331.89
21.70,15599.54,7380.03,13.95,331.89
21.80,15519.25,7370.57,13.76,331.89
21.90,15845.24,7419.67,14.46,331.89
22.00,15707.54,7428.81,14.08,331.85
22.10,15705.29,7477.94,13.94,331.84
22.20,15540.82,7468.84,13.53,331.87
22.30,15632.04,7560.67,13.52,331.87
22.40,15776.55,7568.03,13.86,331.89
22.50,16001.33,7543.78,14.49,331.89
22.60,15977.44,7536.76,14.44,331.89
22.70,16132.81,7643.88,14.56,331.87
22.80,15966.43,7600.30,14.24,331.84
22.90,15855.96,7693.20,13.71,331.85
23.00,16016.68,7717.39,14.05,331.87
23.10,16052.15,7694.33,14.19,331.88
23.20,16046.90,7750.84,14.02,331.91
23.30,15947.83,7734.37,13.80,331.89
23.40,16186.97,7799.96,14.23,331.95
23.50,16333.51,7831.36,14.52,331.92
23.60,16222.17,7852.47,14.18,331.87
23.70,16230.13,7845.44,14.21,331.87
23.80,16196.04,7845.10,14.11,331.92
23.90,16365.59,7930.09,14.32,331.91
24.00,16486.20,7936.29,14.60,331.95
24.10,16191.87,7970.15,13.76,331.88
24.20,16400.78,7942.33,14.36,331.89
24.30,16568.79,7974.22,14.71,331.81
24.40,16503.12,8024.67,14.41,331.79
24.50,16556.63,8056.62,14.46,331.77
24.60,16607.06,8082.91,14.51,331.81
24.70,16476.81,8091.72,14.14,331.87
24.80,16669.26,8099.39,14.61,331.81
24.90,16838.98,8152.67,14.90,331.85
25.00,16894.30,8141.53,15.07,331.80
25.10,16728.90,8184.66,14.53,331.79
25.20,16902.74,8158.87,15.03,331.83
25.30,16991.38,8225.98,15.07,331.89
25.40,16821.34,8210.60,14.67,331.85
25.50,16867.18,8235.50,14.72,331.83
25.60,17038.40,8268.07,15.07,331.83
25.70,16998.00,8267.73,14.97,331.76
25.80,17035.28,8336.04,14.88,331.80
25.90,17194.08,8359.53,15.22,331.80
26.00,17199.01,8401.28,15.13,331.72
26.10,17211.40,8408.30,15.13,331.79
26.20,17141.28,8433.61,14.88,331.77
26.30,17243.50,8426.53,15.15,331.80
26.40,17485.13,8465.43,15.65,331.88
26.50,17416.99,8477.24,15.43,331.93
26.60,17459.80,8500.41,15.48,331.88
26.70,17462.24,8516.92,15.45,331.79
26.80,17586.33,8549.17,15.68,331.79
26.90,17475.79,8597.67,15.27,331.76
27.00,17675.87,8581.44,15.82,331.73
27.10,17742.83,8658.28,15.79,331.74
27.20,17633.75,8649.09,15.53,331.73
27.30,17830.50,8681.29,15.95,331.69
27.40,17800.22,8730.13,15.73,331.79
27.50,18024.40,8723.45,16.32,331.74
27.60,17977.57,8706.97,16.23,331.80
27.70,18105.85,8820.84,16.26,331.80
27.80,18070.91,8812.43,16.18,331.84
27.90,18156.83,8848.26,16.29,331.92
28.00,18192.50,8935.66,16.18,331.74
28.10,18165.49,8955.91,16.05,331.73
28.20,18179.31,8977.25,16.04,331.61
28.30,18383.76,9033.36,16.42,331.58
28.40,18505.58,9074.35,16.63,331.53
28.50,18406.00,9109.06,16.27,331.61
28.60,18503.03,9048.43,16.67,331.60
28.70,18610.89,9116.02,16.77,331.58
28.80,18561.70,9175.08,16.49,331.57
28.90,18648.02,9181.99,16.68,331.62
29.00,18568.56,9223.21,16.37,331.58
29.10,18659.21,9197.80,16.65,331.64
29.20,18870.59,9265.69,17.01,331.68
29.30,18702.99,9281.23,16.53,331.70
29.40,18763.55,9311.78,16.60,331.70
29.50,18962.19,9321.85,17.08,331.68
29.60,19097.62,9378.33,17.26,331.79
29.70,18891.99,9320.85,16.88,331.76
29.80,19103.90,9452.66,17.09,331.68
29.90,19081.22,9418.69,17.12,331.64
30.00,19011.20,9430.28,16.91,331.61
30.10,19167.72,9416.95,17.33,331.69
30.20,19277.64,9500.01,17.39,331.72
30.30,19227.57,9533.01,17.17,331.72
30.40,19297.49,9509.08,17.41,331.69
30.50,19233.93,9524.57,17.21,331.64
30.60,19420.37,9601.59,17.49,331.61
30.70,19350.67,9550.48,17.43,331.69
30.80,19572.32,9625.74,17.79,331.73
30.90,19579.84,9632.46,17.78,331.77
31.00,19451.29,9640.93,17.42,331.79
31.10,19713.41,9697.36,17.94,331.81
31.20,19703.24,9737.72,17.82,331.70
31.30,19706.72,9756.56,17.77,331.74
31.40,19692.55,9740.25,17.77,331.74
31.50,19679.59,9788.88,17.60,331.79
31.60,19863.61,9821.79,17.97,331.85
31.70,19878.26,9751.27,18.18,331.88
31.80,19754.53,9877.01,17.54,331.84
31.90,19931.19,9837.58,18.09,331.84
32.00,20109.69,9962.00,18.23,331.79
32.10,20080.30,9938.13,18.21,331.83
32.20,20099.27,9976.44,18.15,331.87
32.30,20183.54,10002.68,18.29,331.85
32.40,20245.55,10026.21,18.38,331.87
32.50,20203.96,9996.07,18.34,331.91
32.60,20021.54,10035.06,17.78,331.83
32.70,20252.84,10093.18,18.22,331.83
32.80,20367.50,10134.16,18.41,331.79
32.90,20394.01,10167.25,18.39,331.76
33.00,20457.94,10149.94,18.60,331.74
33.10,20562.29,10158.32,18.83,331.81
33.20,20426.86,10206.15,18.35,331.85
33.30,20338.90,10208.33,18.10,331.95
33.40,20668.80,10283.90,18.76,331.85
33.50,20746.81,10307.74,18.90,331.81
33.60,20577.77,10298.25,18.48,331.87
33.70,20815.19,10338.54,18.99,331.80
33.80,20781.03,10372.32,18.80,331.88
33.90,20906.32,10390.79,19.06,331.93
34.00,20809.92,10399.58,18.79,331.89
34.10,20859.17,10430.03,18.84,331.84
34.20,20995.77,10430.76,19.19,331.83
34.30,21038.38,10540.12,19.02,331.79
34.40,21131.79,10546.02,19.23,331.87
34.50,21118.23,10547.15,19.19,331.85
34.60,21135.54,10620.82,19.04,331.85
34.70,21187.45,10667.91,19.04,331.91
34.80,21291.35,10660.45,19.32,331.91
34.90,21428.67,10668.14,19.65,331.89
35.00,21398.17,10751.92,19.37,331.77
35.10,21315.26,10712.94,19.26,331.73
35.20,21528.08,10758.93,19.68,331.77
35.30,21409.66,10874.28,19.08,331.74
35.40,21690.73,10824.16,19.92,331.79
35.50,21636.19,10848.07,19.72,331.74
35.60,21653.33,10915.69,19.59,331.72
35.70,21810.17,10949.60,19.90,331.76
35.80,21736.85,10973.86,19.64,331.77
35.90,21749.55,10986.86,19.63,331.81
36.00,21937.68,11038.26,19.98,331.79
36.10,22026.46,11104.61,20.03,331.81
36.20,21971.03,11127.07,19.83,331.77
36.30,22097.29,11137.87,20.12,331.80
36.40,21986.19,11179.33,19.73,331.76
36.50,22205.41,11197.41,20.24,331.77
36.60,22213.30,11228.38,20.18,331.76
36.70,22312.02,11252.20,20.38,331.68
36.80,22297.10,11282.38,20.26,331.69
36.90,22337.95,11335.29,20.23,331.66
37.00,22374.67,11384.07,20.20,331.64
37.10,22382.23,11383.39,20.22,331.64
37.20,22559.54,11480.55,20.43,331.58
37.30,22487.05,11497.98,20.20,331.57
37.40,22468.31,11462.65,20.24,331.57
37.50,22680.84,11507.42,20.69,331.45
37.60,22735.41,11562.82,20.68,331.46
37.70,22707.70,11570.56,20.59,331.43
37.80,22716.78,11594.11,20.55,331.45
37.90,22761.86,11603.61,20.63,331.50
38.00,22862.84,11635.44,20.81,331.47
38.10,23023.07,11679.55,21.10,331.51
38.20,22923.43,11701.03,20.78,331.55
38.30,23002.97,11710.08,20.96,331.54
38.40,23036.96,11726.21,21.00,331.55
38.50,22939.62,11725.91,20.74,331.61
38.60,23153.06,11816.34,21.05,331.61
38.70,23261.51,11819.09,21.31,331.66
38.80,23291.79,11827.49,21.35,331.74
38.90,23251.52,11833.13,21.23,331.73
39.00,23283.37,11883.36,21.17,331.80
39.10,23202.78,11850.63,21.04,331.81
39.20,23181.30,11967.50,20.69,331.74
39.30,23157.94,11924.45,20.74,331.72
39.40,23248.49,11954.24,20.89,331.73
39.50,23368.59,11965.98,21.16,331.77
39.60,23595.83,12024.52,21.59,331.77
39.70,23485.66,12063.61,21.21,331.73
39.80,23507.78,12063.16,21.26,331.77
39.90,23576.88,12129.43,21.27,331.73
40.00,23636.06,12111.56,21.46,331.76
40.10,23644.63,12162.02,21.35,331.76
40.20,23558.95,12122.02,21.22,331.83
40.30,23479.12,12227.35,20.75,331.76
40.40,23778.42,12244.16,21.47,331.77
40.50,23723.89,12245.18,21.32,331.80
40.60,23734.23,12268.74,21.28,331.83
40.70,23859.07,12277.76,21.58,331.77
40.80,23964.67,12328.20,21.71,331.84
40.90,24123.01,12369.50,22.02,331.74
41.00,24149.33,12386.31,22.04,331.76
41.10,23938.51,12415.59,21.42,331.77
41.20,24101.50,12460.02,21.73,331.72
41.30,24047.10,12492.35,21.50,331.74
41.40,24317.73,12509.05,22.14,331.80
41.50,24209.99,12573.72,21.68,331.89
41.60,24153.14,12556.26,21.58,331.87
41.70,24488.71,12615.98,22.29,331.83
41.80,24398.87,12672.22,21.92,331.77
41.90,24340.30,12689.39,21.73,331.73
42.00,24558.03,12688.31,22.29,331.73
42.10,24531.47,12695.27,22.20,331.73
42.20,24694.15,12771.69,22.41,331.79
42.30,24659.95,12728.65,22.42,331.84
42.40,24679.55,12822.47,22.22,331.89
42.50,24771.77,12860.47,22.36,331.87
42.60,24800.21,12921.33,22.28,331.81
42.70,24769.49,12901.18,22.25,331.83
42.80,24764.08,12935.85,22.15,331.79
42.90,24844.03,12951.29,22.32,331.73
43.00,25024.01,12991.95,22.66,331.85
43.10,25074.17,13033.61,22.69,331.77
43.20,25030.57,13099.60,22.41,331.74
43.30,25276.63,13124.73,22.97,331.79
43.40,25083.06,13092.85,22.56,331.73
43.50,25237.44,13125.73,22.86,331.80
43.60,25198.76,13132.85,22.74,331.80
43.70,25489.65,13212.13,23.28,331.80
43.80,25212.73,13156.73,22.69,331.93
43.90,25339.50,13247.53,22.78,331.92
44.00,25448.92,13255.23,23.04,331.91
44.10,25430.74,13288.86,22.91,331.87
44.20,25558.40,13322.42,23.14,331.92
44.30,25498.59,13412.64,22.76,331.87
44.40,25533.53,13395.17,22.89,331.88
44.50,25624.96,13429.06,23.04,331.85
44.60,25624.49,13469.11,22.94,331.85
44.70,25781.74,13516.82,23.21,331.87
44.80,25980.43,13534.88,23.66,331.93
44.90,25883.71,13569.26,23.33,331.84
45.00,25925.56,13633.85,23.28,331.80
45.10,26101.79,13697.05,23.56,331.85
45.20,26257.28,13756.86,23.81,331.80
45.30,26156.64,13724.57,23.63,331.83
45.40,26184.67,13772.38,23.58,331.81
45.50,26230.38,13813.39,23.60,331.74
45.60,26234.32,13829.87,23.57,331.73
45.70,26334.08,13859.71,23.75,331.72
45.80,26332.99,13936.52,23.56,331.64
45.90,26260.63,13921.37,23.41,331.66
46.00,26364.84,13919.23,23.68,331.69
46.10,26498.17,13975.06,23.88,331.68
46.20,26459.25,14000.72,23.69,331.80
46.30,26425.53,14016.12,23.56,331.80
46.40,26519.49,14051.08,23.70,331.85
46.50,26645.74,14116.40,23.85,331.88
46.60,26617.70,14132.89,23.73,331.89
46.70,26615.05,14141.30,23.69,331.96
46.80,26840.17,14158.32,24.23,331.89
46.90,26773.02,14173.86,24.01,331.93
47.00,26771.28,14172.52,24.01,331.91
47.10,26998.37,14235.26,24.42,331.96
47.20,26961.07,14315.06,24.13,331.87
47.30,27107.37,14329.51,24.46,331.91
47.40,27130.54,14321.75,24.54,331.89
47.50,27067.90,14397.48,24.19,331.84
47.60,27228.74,14461.98,24.43,331.89
47.70,27291.17,14461.97,24.60,331.81
47.80,27212.29,14468.45,24.38,331.81
47.90,27221.48,14568.68,24.14,331.85
48.00,27420.97,14535.21,24.74,331.81
48.10,27294.36,14559.50,24.35,331.84
48.20,27525.47,14608.29,24.82,331.81
48.30,27612.10,14600.17,25.06,331.83
48.40,27672.07,14649.59,25.09,331.79
48.50,27627.00,14667.77,24.93,331.77
48.60,27725.33,14757.56,24.96,331.70
48.70,27706.01,14774.68,24.85,331.77
48.80,27742.89,14812.75,24.84,331.85
48.90,27690.06,14782.77,24.77,331.89
49.00,27969.55,14857.06,25.29,331.91
49.10,27916.20,14848.99,25.18,331.87
49.20,28074.90,14905.12,25.44,331.88
49.30,27957.98,14916.18,25.12,331.81
49.40,28114.22,14989.19,25.35,331.70
49.50,28164.68,15022.44,25.40,331.66
49.60,28187.24,15055.04,25.38,331.65
49.70,28367.10,15096.33,25.72,331.72
49.80,28319.05,15118.62,25.53,331.76
49.90,28282.55,15145.25,25.36,331.80
50.00,28232.09,15154.30,25.21,331.77
50.10,28313.79,15218.23,25.26,331.73
50.20,28612.80,15293.37,25.84,331.69
50.30,28433.89,15334.55,25.28,331.65
50.40,28572.14,15335.47,25.64,331.60
50.50,28558.80,15390.70,25.47,331.55
50.60,28684.92,15397.10,25.77,331.61
50.70,28635.51,15432.03,25.56,331.55
50.80,28908.58,15438.68,26.24,331.58
50.90,28698.13,15538.69,25.45,331.53
51.00,28691.82,15521.25,25.47,331.58
51.10,28990.35,15569.56,26.12,331.51
51.20,29024.17,15638.46,26.02,331.57
51.30,29031.30,15679.51,25.93,331.58
51.40,29088.08,15630.02,26.20,331.58
51.50,29016.26,15728.60,25.76,331.60
51.60,29147.97,15803.26,25.90,331.62
51.70,29157.89,15802.93,25.92,331.65
51.80,29376.84,15906.18,26.21,331.69
51.90,29196.55,15907.89,25.75,331.62
52.00,29408.68,15915.53,26.27,331.64
52.10,29438.88,15935.01,26.28,331.74
52.20,29654.41,15998.90,26.67,331.72
52.30,29481.51,16016.08,26.18,331.72
52.40,29654.05,16023.10,26.60,331.73
52.50,29631.14,16080.93,26.39,331.74
52.60,29819.61,16187.23,26.60,331.73
52.70,30010.55,16227.84,26.99,331.69
52.80,29972.22,16220.11,26.91,331.70
52.90,29771.43,16219.54,26.41,331.61
53.00,30081.11,16310.62,26.98,331.55
53.10,29854.08,16319.11,26.38,331.53
53.20,30150.19,16375.51,26.99,331.55
53.30,30080.98,16399.43,26.75,331.55
53.40,30100.62,16410.84,26.77,331.55
53.50,30233.31,16450.83,27.01,331.54
53.60,30235.95,16514.14,26.87,331.46
53.70,30332.13,16582.35,26.94,331.45
53.80,30418.44,16597.51,27.13,331.41
53.90,30492.61,16655.30,27.16,331.47
54.00,30380.26,16672.12,26.82,331.53
54.10,30484.42,16749.06,26.90,331.45
54.20,30669.19,16763.20,27.34,331.43
54.30,30441.89,16771.37,26.74,331.41
54.40,30635.88,16804.57,27.16,331.36
54.50,30753.98,16877.50,27.28,331.34
54.60,30848.17,16936.02,27.37,331.35
54.70,30735.95,16941.59,27.07,331.34
54.80,30949.92,16967.32,27.55,331.35
54.90,30905.79,17007.40,27.32,331.43
55.00,31002.38,17059.46,27.43,331.43
55.10,31025.01,17066.89,27.47,331.42
55.20,31064.07,17164.11,27.31,331.49
55.30,31211.52,17145.63,27.74,331.46
55.40,31241.09,17196.31,27.69,331.43
55.50,31229.06,17195.37,27.66,331.45
55.60,31171.10,17223.28,27.43,331.47
55.70,31334.91,17328.18,27.58,331.49
55.80,31287.89,17335.63,27.43,331.53
55.90,31299.72,17344.36,27.45,331.49
56.00,31386.21,17410.31,27.49,331.54
56.10,31378.10,17491.05,27.27,331.49
56.20,31433.20,17468.11,27.48,331.42
56.30,31595.58,17501.62,27.80,331.49
56.40,31780.80,17551.07,28.14,331.53
56.50,31592.84,17591.54,27.55,331.53
56.60,31593.69,17573.78,27.60,331.51
56.70,31637.03,17614.46,27.60,331.55
56.80,31852.02,17674.20,28.01,331.47
56.90,31935.22,17722.63,28.10,331.46
57.00,31915.44,17757.18,27.95,331.53
57.10,31828.78,17788.89,27.64,331.55
57.20,32009.69,17848.67,27.95,331.54
57.30,32016.45,17827.91,28.01,331.61
57.40,32035.60,17903.26,27.87,331.58
57.50,32188.04,17927.73,28.21,331.50
57.60,32068.16,17961.68,27.82,331.46
57.70,32187.17,18026.06,27.94,331.60
57.80,32320.50,18076.68,28.15,331.58
57.90,32446.87,18108.30,28.39,331.60
58.00,32332.18,18133.54,28.03,331.60
58.10,32508.37,18174.89,28.38,331.57
58.20,32582.23,18159.05,28.62,331.50
58.30,32620.96,18183.25,28.66,331.47
58.40,32561.07,18255.64,28.31,331.54
58.50,32494.84,18322.63,27.96,331.58
58.60,32607.92,18363.62,28.14,331.61
58.70,32519.27,18347.50,27.96,331.57
58.80,32874.93,18372.84,28.81,331.54
58.90,32852.43,18469.90,28.50,331.60
59.00,32950.41,18496.00,28.69,331.55
59.10,32824.88,18537.40,28.25,331.60
59.20,33047.20,18626.90,28.59,331.58
59.30,32913.65,18618.42,28.27,331.57
59.40,33087.99,18643.03,28.64,331.65
59.50,33185.56,18741.48,28.64,331.64
59.60,33411.56,18791.25,29.10,331.58
59.70,33256.46,18790.99,28.72,331.47
59.80,33277.90,18839.11,28.65,331.49
59.90,33287.86,18919.55,28.47,331.47
60.00,33463.26,18948.62,28.85,331.43
60.10,33457.22,18948.31,28.83,331.49
60.20,33548.32,19003.52,28.93,331.42
60.30,33568.20,19021.56,28.95,331.32
60.40,33593.36,19127.96,28.74,331.34
60.50,33741.38,19200.56,28.93,331.36
60.60,33748.01,19198.96,28.95,331.36
60.70,33545.67,19223.91,28.36,331.41
60.80,33913.05,19307.82,29.09,331.38
60.90,33942.46,19349.16,29.08,331.26
61.00,34179.72,19429.30,29.50,331.16
61.10,34144.96,19470.97,29.31,331.12
61.20,34076.84,19560.15,28.91,331.11
61.30,34329.42,19578.23,29.52,331.05
61.40,34444.23,19626.95,29.69,331.05
61.50,34342.22,19690.33,29.26,331.09
61.60,34492.40,19715.11,29.59,331.04
61.70,34728.38,19847.55,29.86,331.01
61.80,34518.73,19830.55,29.36,331.05
61.90,34642.23,19887.65,29.54,331.00
62.00,34804.93,19939.03,29.83,330.97
62.10,34665.14,19944.84,29.46,330.96
62.20,34698.59,20004.63,29.40,330.92
62.30,34921.90,20019.74,29.95,330.82
62.40,34817.28,20103.21,29.48,330.75
62.50,34831.52,20143.90,29.41,330.78
62.60,35227.69,20191.55,30.32,330.70
62.70,34961.52,20226.66,29.55,330.69
62.80,35048.87,20241.49,29.74,330.67
62.90,35126.20,20339.00,29.69,330.67
63.00,35137.07,20331.87,29.74,330.66
63.10,35130.24,20362.60,29.64,330.69
63.20,35326.68,20415.87,30.01,330.67
63.30,35350.98,20437.45,30.01,330.71
63.40,35401.96,20501.38,29.96,330.82
63.50,35422.11,20530.63,29.94,330.77
63.60,35468.82,20570.98,29.96,330.77
63.70,35329.94,20577.84,29.59,330.74
63.80,35629.69,20633.82,30.21,330.79
63.90,35479.88,20642.38,29.81,330.74
64.00,35758.70,20675.52,30.43,330.81
64.10,35827.77,20717.93,30.49,330.85
64.20,35603.63,20798.76,29.70,330.89
64.30,35708.49,20807.43,29.94,330.93
64.40,35847.27,20874.05,30.13,330.89
64.50,35919.48,20946.68,30.12,330.94
64.60,36070.14,20922.39,30.57,330.93
64.70,36057.01,20978.18,30.39,330.94
64.80,35875.70,20963.16,29.96,330.96
64.90,35921.89,21005.59,29.97,330.96
65.00,36182.16,21061.27,30.50,330.92
65.10,36232.66,21135.28,30.44,330.92
65.20,36083.98,21087.53,30.17,330.98
65.30,36175.01,21181.23,30.16,330.97
65.40,36240.36,21209.59,30.25,331.02
65.50,36400.48,21299.73,30.43,331.02
65.60,36416.07,21335.35,30.38,330.98
65.70,36351.80,21325.72,30.24,331.00
65.80,36320.44,21360.24,30.06,331.07
65.90,36398.74,21440.96,30.06,331.02
66.00,36707.77,21483.89,30.74,331.04
66.10,36570.51,21546.96,30.23,331.01
66.20,36772.28,21539.78,30.76,331.02
66.30,36666.01,21587.63,30.37,331.01
66.40,36838.37,21595.94,30.79,331.01
66.50,36776.16,21619.57,30.57,331.01
66.60,36853.09,21694.27,30.58,330.98
66.70,37040.38,21760.67,30.90,330.93
66.80,37081.13,21812.73,30.89,330.82
66.90,36977.67,21791.76,30.68,330.82
67.00,37097.00,21883.20,30.75,330.83
67.10,37093.71,21940.06,30.59,330.88
67.20,37180.80,21961.08,30.76,330.88
67.30,37218.73,22047.68,30.63,330.90
67.40,37233.91,22049.25,30.66,330.92
67.50,37264.12,22049.86,30.75,330.83
67.60,37347.85,22096.38,30.84,330.88
67.70,37328.14,22115.87,30.74,330.86
67.80,37490.88,22214.26,30.92,330.79
67.90,37380.56,22235.39,30.60,330.69
68.00,37649.09,22243.97,31.26,330.73
68.10,37668.10,22312.21,31.13,330.77
68.20,37818.92,22376.72,31.35,330.78
68.30,37681.45,22344.49,31.09,330.71
68.40,37831.55,22391.94,31.35,330.74
68.50,37994.51,22517.88,31.44,330.77
68.60,37703.76,22483.52,30.78,330.78
68.70,37871.05,22532.52,31.09,330.74
68.80,37881.67,22523.81,31.14,330.74
68.90,37894.90,22616.59,30.94,330.71
69.00,37876.05,22640.51,30.83,330.73
69.10,37994.01,22682.08,31.03,330.73
69.20,38094.03,22738.58,31.15,330.66
69.30,38224.14,22788.40,31.36,330.64
69.40,37977.38,22744.81,30.84,330.64
69.50,38232.54,22852.67,31.23,330.58
69.60,38193.13,22893.37,31.03,330.55
69.70,38340.58,22928.63,31.32,330.55
69.80,38438.68,22937.90,31.55,330.55
69.90,38382.62,22936.67,31.41,330.56
70.00,38452.97,23042.57,31.32,330.55
70.10,38478.93,23057.76,31.35,330.54
70.20,38476.24,23101.15,31.23,330.55
70.30,38728.50,23157.55,31.73,330.56
70.40,38570.97,23200.53,31.20,330.66
70.50,38614.95,23182.79,31.35,330.70
70.60,38699.64,23249.72,31.39,330.74
70.70,38802.39,23266.14,31.62,330.69
70.80,38749.52,23306.85,31.38,330.69
70.90,38592.14,23305.36,30.98,330.69
71.00,38844.93,23363.03,31.48,330.69
71.10,38749.56,23413.90,31.09,330.77
71.20,39106.34,23431.45,31.96,330.77
71.30,38876.72,23478.45,31.25,330.77
71.40,38858.46,23478.46,31.20,330.78
71.50,39093.10,23542.66,31.64,330.77
71.60,39050.27,23564.74,31.47,330.78
71.70,39074.30,23659.66,31.29,330.78
71.80,39312.22,23658.60,31.91,330.74
71.90,39212.03,23690.94,31.57,330.74
72.00,39332.01,23743.28,31.75,330.70
72.10,39285.90,23784.32,31.53,330.69
72.20,39396.00,23822.12,31.72,330.66
72.30,39508.04,23906.78,31.79,330.69
72.40,39368.33,23930.75,31.38,330.60
72.50,39456.80,23987.24,31.46,330.63
72.60,39707.46,24022.12,32.03,330.54
72.70,39634.24,24003.31,31.91,330.44
72.80,39814.84,24094.11,32.14,330.44
72.90,39523.28,24120.04,31.34,330.35
73.00,39585.68,24152.01,31.42,330.35
73.10,39731.92,24245.01,31.57,330.28
73.20,40024.84,24291.16,32.21,330.25
73.30,39903.70,24290.58,31.89,330.33
73.40,39898.42,24342.02,31.76,330.24
73.50,40195.73,24373.89,32.45,330.20
73.60,40262.81,24464.24,32.38,330.28
73.70,40185.73,24481.67,32.13,330.32
73.80,40050.33,24499.95,31.73,330.35
73.90,40245.84,24523.79,32.16,330.41
74.00,40276.95,24530.91,32.22,330.43
74.10,40190.69,24628.49,31.75,330.41
74.20,40203.55,24652.37,31.73,330.36
74.30,40292.91,24671.81,31.91,330.36
74.40,40402.00,24744.45,32.00,330.39
74.50,40340.39,24742.91,31.85,330.36
74.60,40425.99,24791.29,31.94,330.40
74.70,40607.71,24843.94,32.28,330.35
74.80,40589.09,24876.25,32.14,330.40
74.90,40494.85,24925.38,31.77,330.41
75.00,40576.07,24907.31,32.02,330.44
75.10,40887.32,24999.94,32.58,330.45
75.20,40821.81,25074.00,32.22,330.47
75.30,40786.67,25105.29,32.05,330.45
75.40,40946.98,25080.65,32.51,330.55
75.50,40856.75,25148.61,32.12,330.44
75.60,40932.51,25173.13,32.25,330.45
75.70,40989.44,25230.97,32.25,330.44
75.80,41025.90,25245.77,32.30,330.48
75.90,41044.40,25277.43,32.28,330.40
76.00,41240.08,25368.53,32.56,330.35
76.10,41174.21,25368.56,32.41,330.24
76.20,41218.93,25433.44,32.36,330.24
76.30,41122.30,25408.34,32.18,330.22
76.40,41302.06,25483.94,32.44,330.28
76.50,41181.44,25517.55,32.05,330.24
76.60,41484.36,25541.02,32.77,330.24
76.70,41515.55,25648.98,32.58,330.21
76.80,41406.37,25641.67,32.32,330.21
76.90,41554.61,25706.22,32.54,330.18
77.00,41466.83,25697.15,32.32,330.29
77.10,41541.53,25780.55,32.30,330.28
77.20,41671.77,25787.32,32.62,330.25
77.30,41728.68,25884.52,32.53,330.18
77.40,41810.26,25886.45,32.74,330.17
77.50,41705.27,25937.22,32.34,330.17
77.60,41848.23,25928.77,32.72,330.22
77.70,41882.63,26001.43,32.62,330.24
77.80,41865.19,26017.60,32.54,330.20
77.90,41915.14,26074.42,32.53,330.16
78.00,42088.40,26123.59,32.87,330.05
78.10,42051.75,26204.38,32.58,329.98
78.20,42237.93,26264.43,32.90,330.02
78.30,42231.26,26361.96,32.64,329.98
78.40,42235.28,26337.12,32.71,329.99
78.50,42222.30,26394.58,32.56,329.84
78.60,42223.45,26462.28,32.40,329.79
78.70,42440.03,26486.71,32.90,329.76
78.80,42675.45,26585.16,33.25,329.79
78.90,42501.22,26585.27,32.80,329.80
79.00,42784.66,26674.98,33.30,329.80
79.10,42681.40,26715.40,32.95,329.69
79.20,42611.59,26749.05,32.70,329.58
79.30,42900.95,26854.22,33.19,329.53
79.40,42901.59,26898.33,33.08,329.53
79.50,43040.37,26938.33,33.34,329.50
79.60,43020.06,26979.34,33.18,329.53
79.70,43035.13,27027.79,33.10,329.50
79.80,42940.38,27094.52,32.70,329.42
79.90,43109.77,27110.57,33.11,329.34
80.00,43115.34,27116.69,33.12,329.29
80.10,43075.29,27210.82,32.78,329.27
80.20,43110.09,27259.56,32.75,329.24
80.30,43282.85,27346.03,32.98,329.20
80.40,43238.92,27364.91,32.81,329.27
80.50,43440.80,27398.03,33.27,329.12
80.60,43495.60,27515.40,33.13,329.01
80.70,43542.00,27530.27,33.22,328.99
80.80,43693.35,27601.55,33.43,328.97
80.90,43549.35,27641.38,32.96,328.97
81.00,43742.28,27775.17,33.11,329.00
81.10,43823.56,27766.31,33.35,328.96
81.20,44046.18,27850.36,33.73,328.84
81.30,43770.63,27907.02,32.89,328.76
81.40,43943.96,27931.78,33.28,328.73
81.50,44034.27,27978.87,33.40,328.72
81.60,44116.22,28004.15,33.55,328.69
81.70,44061.09,28052.96,33.28,328.72
81.80,44091.04,28127.92,33.17,328.69
81.90,44190.83,28143.71,33.38,328.74
82.00,44211.15,28177.96,33.35,328.72
82.10,44303.99,28258.36,33.39,328.67
82.20,44384.82,28317.85,33.46,328.62
82.30,44523.77,28366.97,33.68,328.67
82.40,44540.19,28398.83,33.64,328.69
82.50,44657.52,28423.00,33.89,328.63
82.60,44615.89,28522.63,33.53,328.62
82.70,44451.54,28455.09,33.29,328.59
82.80,44513.28,28539.26,33.23,328.61
82.90,44602.40,28580.20,33.36,328.58
83.00,44918.26,28678.59,33.92,328.59
83.10,44776.55,28703.94,33.49,328.59
83.20,44834.72,28752.06,33.53,328.51
83.30,44954.48,28826.62,33.66,328.44
83.40,45040.56,28836.94,33.86,328.44
83.50,45005.11,28891.23,33.63,328.46
83.60,45212.26,28875.35,34.21,328.44
83.70,45129.74,28950.38,33.81,328.42
83.80,45048.23,28990.78,33.51,328.33
83.90,45007.11,29006.65,33.35,328.44
84.00,45067.80,29087.68,33.30,328.43
84.10,45279.96,29194.96,33.57,328.44
84.20,45222.73,29139.49,33.57,328.40
84.30,45404.25,29172.62,33.95,328.44
84.40,45249.95,29203.03,33.48,328.42
84.50,45504.29,29210.37,34.11,328.47
84.60,45568.62,29279.29,34.10,328.47
84.70,45584.95,29353.18,33.95,328.48
84.80,45467.56,29385.57,33.57,328.46
84.90,45405.88,29420.26,33.32,328.47
85.00,45688.58,29451.51,33.98,328.40
85.10,45616.91,29474.45,33.73,328.46
85.20,45718.61,29548.71,33.78,328.50
85.30,45669.07,29530.96,33.63,328.48
85.40,45848.11,29612.77,33.86,328.52
85.50,45802.85,29615.37,33.72,328.58
85.60,46045.74,29671.06,34.20,328.54
85.70,45944.88,29694.44,33.86,328.63
85.80,45902.73,29792.19,33.49,328.66
85.90,46046.54,29784.04,33.88,328.63
86.00,46243.50,29856.01,34.20,328.62
86.10,46344.18,29913.66,34.30,328.67
86.20,46168.00,29913.00,33.85,328.63
86.30,46388.34,29952.05,34.32,328.61
86.40,46368.86,30016.05,34.09,328.69
86.50,46334.98,30040.20,33.94,328.67
86.60,46366.38,30095.37,33.89,328.59
86.70,46299.28,30069.63,33.77,328.67
86.80,46560.36,30149.37,34.24,328.67
86.90,46521.51,30201.13,34.00,328.67
87.00,46601.03,30211.02,34.17,328.73
87.10,46627.84,30268.57,34.10,328.66
87.20,46620.11,30283.70,34.04,328.66
87.30,46613.30,30325.10,33.91,328.70
87.40,46723.41,30329.95,34.18,328.70
87.50,46664.83,30366.51,33.94,328.66
87.60,46680.41,30478.60,33.68,328.73
87.70,46784.97,30445.36,34.04,328.69
87.80,47085.07,30511.94,34.63,328.76
87.90,46907.43,30534.98,34.11,328.77
88.00,47066.42,30615.98,34.30,328.82
88.10,46998.02,30599.23,34.17,328.80
88.20,46962.22,30656.08,33.92,328.86
88.30,47237.67,30698.76,34.51,328.92
88.40,47163.68,30754.68,34.18,328.89
88.50,47249.12,30785.31,34.32,328.89
88.60,47148.31,30778.18,34.08,328.92
88.70,47220.08,30870.07,34.04,328.81
88.80,47269.64,30867.81,34.16,328.89
88.90,47326.39,30932.69,34.14,328.88
89.00,47450.25,30957.19,34.39,328.92
89.10,47596.85,31022.60,34.60,328.91
89.20,47562.36,31080.65,34.36,328.92
89.30,47583.82,31046.51,34.50,328.93
89.40,47628.68,31097.09,34.48,328.96
89.50,47515.13,31128.19,34.11,328.95
89.60,47572.24,31135.93,34.23,328.97
89.70,47871.26,31219.92,34.79,328.95
89.80,47770.60,31212.47,34.54,329.01
89.90,47766.87,31268.07,34.40,328.93
90.00,47766.05,31359.57,34.18,328.84
90.10,47892.78,31368.23,34.49,328.81
90.20,47960.20,31376.60,34.64,328.88
90.30,47728.41,31393.72,34.00,328.85
90.40,48059.66,31449.86,34.72,328.80
90.50,47897.53,31443.76,34.32,328.80
90.60,47984.13,31544.55,34.29,328.76
90.70,47799.30,31529.67,33.85,328.78
90.80,48047.81,31563.14,34.40,328.81
90.90,48165.49,31618.70,34.55,328.88
91.00,48231.01,31681.38,34.55,328.92
91.10,48304.30,31689.12,34.71,328.96
91.20,48279.98,31705.58,34.59,329.04
91.30,48270.12,31723.28,34.52,329.03
91.40,48355.00,31812.29,34.50,329.08
91.50,48396.49,31828.43,34.56,329.11
91.60,48452.40,31836.49,34.68,329.12
91.70,48520.26,31883.58,34.74,329.08
91.80,48313.00,31907.25,34.15,329.05
91.90,48591.46,31956.77,34.73,329.11
92.00,48662.94,32012.04,34.77,329.12
92.10,48496.61,32012.09,34.34,329.14
92.20,48535.22,32084.44,34.25,329.15
92.30,48733.68,32126.82,34.65,329.16
92.40,48663.10,32126.12,34.46,329.24
92.50,48699.83,32195.40,34.38,329.19
92.60,48962.96,32280.62,34.83,329.24
92.70,48793.05,32245.36,34.49,329.20
92.80,48880.90,32321.00,34.51,329.27
92.90,48936.90,32303.30,34.70,329.27
93.00,49066.29,32360.72,34.88,329.30
93.10,49113.96,32419.61,34.85,329.30
93.20,49100.95,32419.29,34.81,329.34
93.30,49169.41,32461.49,34.88,329.33
93.40,49036.10,32502.50,34.42,329.39
93.50,49055.94,32525.80,34.41,329.39
93.60,49081.51,32543.17,34.43,329.39
93.70,49108.90,32559.71,34.45,329.46
93.80,49369.18,32635.62,34.91,329.52
93.90,49351.03,32653.62,34.82,329.49
94.00,49419.57,32695.19,34.88,329.54
94.10,49339.08,32702.99,34.64,329.61
94.20,49439.73,32781.49,34.70,329.58
94.30,49654.50,32813.11,35.17,329.58
94.40,49512.82,32855.07,34.68,329.69
94.50,49599.14,32879.55,34.84,329.68
94.60,49620.09,32908.62,34.82,329.68
94.70,49717.90,32939.35,35.00,329.65
94.80,49758.70,33013.23,34.92,329.60
94.90,49749.75,33031.63,34.85,329.60
95.00,49717.07,33048.71,34.73,329.56
95.10,49589.20,33084.69,34.32,329.50
95.20,49851.45,33124.61,34.90,329.46
95.30,49979.66,33196.94,35.04,329.49
95.40,49937.10,33180.81,34.98,329.45
95.50,49820.76,33197.33,34.64,329.45
95.60,49939.34,33299.01,34.69,329.41
95.70,50131.43,33321.61,35.13,329.39
95.80,50033.01,33380.26,34.72,329.44
95.90,49989.23,33382.45,34.60,329.45
96.00,50130.12,33437.98,34.82,329.45
96.10,50047.21,33446.08,34.60,329.37
96.20,50259.15,33546.20,34.88,329.42
96.30,50157.84,33546.88,34.62,329.41
96.40,50334.52,33595.55,34.94,329.46
96.50,50385.99,33620.05,35.00,329.52
96.60,50459.58,33643.65,35.12,329.54
96.70,50511.58,33669.07,35.19,329.56
96.80,50420.65,33684.95,34.91,329.58
96.90,50409.64,33794.58,34.60,329.58
97.00,50754.59,33834.17,35.39,329.56
97.10,50553.77,33858.95,34.81,329.56
97.20,50778.62,33876.20,35.35,329.53
97.30,50638.46,33925.75,34.87,329.49
97.40,50713.94,33989.59,34.91,329.44
97.50,50913.64,34022.96,35.33,329.49
97.60,50843.03,34023.92,35.14,329.53
97.70,50720.94,34049.22,34.75,329.58
97.80,50951.08,34139.48,35.11,329.60
97.90,51075.43,34162.39,35.37,329.58
98.00,50922.16,34213.64,34.84,329.64
98.10,51070.25,34270.09,35.07,329.65
98.20,51137.26,34263.51,35.27,329.58
98.30,51204.42,34371.15,35.16,329.63
98.40,51085.52,34360.57,34.89,329.57
98.50,51060.86,34417.45,34.68,329.58
98.60,51186.56,34466.23,34.89,329.52
98.70,51277.00,34466.50,35.13,329.48
98.80,51124.51,34517.87,34.59,329.57
98.90,51346.69,34485.08,35.24,329.61
99.00,51517.29,34599.20,35.38,329.64
99.10,51406.21,34613.47,35.06,329.63
99.20,51355.18,34674.64,34.78,329.57
99.30,51595.02,34682.61,35.37,329.63
99.40,51712.80,34771.70,35.44,329.65
99.50,51589.50,34803.14,35.05,329.61
99.60,51643.77,34830.34,35.12,329.61
99.70,51738.84,34854.81,35.32,329.50
99.80,51718.25,34911.06,35.12,329.53
99.90,51739.49,34968.79,35.03,329.52
100.00,51851.35,35026.13,35.17,329.53
100.10,51693.79,35018.14,34.78,329.56
100.20,51926.83,35059.32,35.26,329.64
100.30,51819.60,35092.29,34.89,329.69
100.40,52063.02,35123.84,35.44,329.65
100.50,51911.23,35182.82,34.89,329.71
100.60,51940.98,35229.97,34.84,329.73
100.70,51830.77,35208.65,34.60,329.80
100.80,52202.38,35299.98,35.33,329.73
100.90,52175.65,35290.40,35.28,329.77
101.00,52115.93,35341.31,35.00,329.75
101.10,52320.47,35371.10,35.44,329.80
101.20,52352.43,35428.81,35.37,329.83
101.30,52367.78,35471.57,35.31,329.77
101.40,52527.31,35542.64,35.52,329.87
101.50,52466.01,35552.28,35.34,329.86
101.60,52513.69,35601.61,35.35,329.77
101.70,52430.84,35619.89,35.10,329.72
101.80,52697.83,35651.13,35.72,329.65
101.90,52635.52,35692.17,35.44,329.75
102.00,52748.24,35756.09,35.57,329.72
102.10,52644.29,35783.68,35.23,329.73
102.20,52797.76,35791.09,35.59,329.83
102.30,52773.16,35906.62,35.23,329.83
102.40,52853.32,35879.55,35.52,329.75
102.50,52856.97,35932.23,35.40,329.69
102.60,53012.85,35979.08,35.68,329.73
102.70,53014.22,36027.25,35.56,329.73
102.80,53008.44,36035.63,35.51,329.82
102.90,53110.56,36119.67,35.55,329.83
103.00,52998.57,36134.33,35.23,329.83
103.10,53131.36,36143.55,35.56,329.75
103.20,53085.19,36199.19,35.30,329.75
103.30,53069.45,36191.13,35.28,329.76
103.40,53205.65,36316.70,35.30,329.80
103.50,53242.98,36339.69,35.32,329.88
103.60,53252.54,36373.22,35.26,329.90
103.70,53357.92,36407.25,35.45,329.86
103.80,53465.15,36408.72,35.73,329.82
103.90,53260.20,36463.54,35.07,329.77
104.00,53471.00,36529.23,35.44,329.79
104.10,53610.33,36563.55,35.70,329.86
104.20,53545.89,36588.13,35.47,329.86
104.30,53605.97,36596.17,35.60,329.88
104.40,53610.68,36660.16,35.45,329.87
104.50,53653.63,36684.37,35.50,329.87
104.60,53715.41,36751.93,35.50,329.77
104.70,53583.06,36783.71,35.07,329.83
104.80,53671.55,36793.86,35.26,329.90
104.90,53649.59,36817.21,35.13,329.98
105.00,53995.19,36891.47,35.83,329.97
105.10,53949.62,36884.04,35.74,329.92
105.20,53892.43,36949.87,35.44,329.83
105.30,53987.11,37040.76,35.43,329.95
105.40,54217.73,37087.25,35.91,329.91
105.50,54175.52,37072.33,35.82,330.03
105.60,54079.60,37136.98,35.42,329.95
105.70,53985.10,37111.93,35.23,330.02
105.80,54069.28,37177.71,35.27,330.06
105.90,54146.83,37204.25,35.40,330.06
106.00,54318.36,37276.24,35.65,330.10
106.10,54245.04,37276.31,35.47,330.05
106.20,54180.31,37292.49,35.27,330.01
106.30,54382.03,37385.43,35.55,330.01
106.40,54327.38,37439.83,35.27,330.01
106.50,54516.38,37456.19,35.71,330.03
106.60,54485.19,37481.65,35.56,330.09
106.70,54454.71,37532.53,35.34,330.13
106.80,54632.10,37604.21,35.61,330.14
106.90,54680.89,37611.96,35.72,330.11
107.00,54607.75,37613.81,35.54,330.03
107.10,54655.60,37702.88,35.44,330.01
107.20,54819.20,37728.85,35.79,330.03
107.30,54761.86,37768.66,35.54,330.05
107.40,54902.27,37784.73,35.86,330.05
107.50,54749.43,37883.50,35.21,330.06
107.60,54841.36,37852.66,35.51,330.16
107.70,54882.60,37860.73,35.59,330.18
107.80,54933.11,37885.84,35.65,330.21
107.90,55023.86,38015.88,35.55,330.20
108.00,55271.51,38055.82,36.08,330.22
108.10,54955.39,38041.06,35.31,330.20
108.20,55098.96,38064.59,35.61,330.28
108.30,55175.90,38128.85,35.64,330.26
108.40,55256.19,38197.02,35.67,330.26
108.50,55274.07,38252.35,35.57,330.29
108.60,55467.78,38319.54,35.91,330.20
108.70,55241.34,38326.69,35.31,330.20
108.80,55399.78,38352.17,35.65,330.21
108.90,55486.28,38425.42,35.69,330.18
109.00,55467.97,38466.99,35.54,330.17
109.10,55640.94,38539.88,35.81,330.09
109.20,55482.77,38530.25,35.43,330.09
109.30,55538.03,38629.82,35.32,330.07
109.40,55635.73,38668.63,35.48,330.02
109.50,55731.58,38731.96,35.56,330.03
109.60,55761.40,38753.02,35.58,330.07
109.70,55896.58,38802.90,35.81,330.01
109.80,55834.78,38817.84,35.60,330.10
109.90,55813.54,38866.00,35.44,329.99
110.00,55812.01,38940.12,35.25,329.97
110.10,56208.61,38987.43,36.14,330.02
110.20,56004.17,39020.52,35.52,330.07
110.30,56273.55,39087.01,36.03,330.14
110.40,56012.16,39142.39,35.21,330.18
110.50,56227.10,39204.47,35.61,330.13
110.60,56253.91,39230.52,35.62,330.09
110.70,56380.97,39253.33,35.88,330.14
110.80,56400.61,39333.15,35.74,330.05
110.90,56578.87,39365.10,36.13,329.98
111.00,56505.92,39438.34,35.74,330.07
111.10,56415.83,39447.35,35.48,330.10
111.20,56744.46,39485.22,36.22,330.14
111.30,56492.63,39542.37,35.42,330.18
111.40,56653.19,39609.92,35.66,330.17
111.50,56826.08,39665.50,35.95,330.24
111.60,56757.40,39689.11,35.72,330.18
111.70,56977.97,39755.65,36.11,330.22
111.80,56946.53,39820.24,35.86,330.24
111.90,56918.10,39861.32,35.69,330.18
112.00,56911.21,39886.60,35.60,330.22
112.10,57150.27,39953.69,36.05,330.18
112.20,57126.09,39999.59,35.88,330.13
112.30,57038.99,40008.99,35.64,330.09
112.40,57264.70,40100.05,35.99,330.07
112.50,57457.12,40173.39,36.30,330.06
112.60,57415.58,40183.45,36.16,330.10
112.70,57363.71,40214.23,35.95,330.09
112.80,57422.30,40287.79,35.90,330.16
112.90,57355.00,40303.94,35.69,330.13
113.00,57625.40,40369.66,36.22,330.11
113.10,57482.11,40410.65,35.76,330.05
113.20,57699.00,40444.84,36.23,330.05
113.30,57594.94,40485.83,35.85,330.07
113.40,57610.32,40519.49,35.81,330.07
113.50,57778.17,40607.66,36.00,330.14
113.60,57851.18,40647.41,36.09,330.11
113.70,57737.89,40682.09,35.71,330.11
113.80,57753.08,40729.92,35.63,330.10
113.90,57967.34,40779.85,36.07,330.02
114.00,57852.75,40787.63,35.74,330.10
114.10,57992.48,40844.99,35.95,330.11
114.20,57984.81,40903.03,35.78,330.11
114.30,58183.79,40959.82,36.15,330.09
114.40,58126.87,40993.89,35.92,330.07
114.50,58215.34,41059.07,35.99,330.02
114.60,58335.06,41115.87,36.15,330.03
114.70,58406.87,41108.39,36.35,330.06
114.80,58321.29,41182.53,35.93,330.11
114.90,58396.82,41230.96,36.00,330.11
115.00,58549.56,41263.23,36.31,330.11
115.10,58554.60,41346.95,36.12,330.05
115.20,58338.39,41305.70,35.67,330.06
115.30,58568.48,41402.85,36.01,330.07
115.40,58525.39,41420.52,35.85,330.10
115.50,58873.99,41502.69,36.54,330.06
115.60,58727.70,41526.01,36.10,330.09
115.70,58860.74,41550.82,36.39,330.03
115.80,58893.18,41591.18,36.37,330.03
115.90,58679.65,41610.95,35.77,330.05
116.00,58839.63,41699.43,35.95,330.07
116.10,59122.88,41714.63,36.64,330.06
116.20,58913.09,41775.67,35.94,330.09
116.30,59025.76,41838.11,36.07,330.09
116.40,59129.16,41823.18,36.36,330.17
116.50,59186.78,41877.86,36.37,330.16
116.60,59190.16,41912.58,36.28,330.21
116.70,59175.56,41971.48,36.09,330.21
116.80,59273.08,42020.81,36.21,330.24
116.90,59459.78,42068.62,36.57,330.21
117.00,59361.21,42111.07,36.21,330.20
117.10,59438.28,42143.05,36.32,330.24
117.20,59478.88,42200.16,36.28,330.22
117.30,59576.23,42266.52,36.36,330.22
117.40,59575.50,42273.37,36.33,330.28
117.50,59675.63,42340.98,36.42,330.26
117.60,59572.23,42364.91,36.10,330.21
117.70,59759.22,42398.49,36.49,330.25
117.80,59650.15,42425.11,36.14,330.25
117.90,59827.76,42490.58,36.43,330.25
118.00,59860.78,42514.49,36.46,330.21
118.10,59862.49,42573.08,36.31,330.24
118.20,59914.87,42613.03,36.35,330.20
118.30,59867.01,42654.72,36.13,330.14
118.40,60055.63,42736.49,36.41,330.13
118.50,60010.94,42761.73,36.23,330.14
118.60,60141.04,42794.30,36.50,330.06
118.70,60153.20,42866.66,36.34,330.07
118.80,59864.54,42859.84,35.62,330.05
118.90,60138.54,42892.56,36.24,330.06
119.00,60267.49,42920.50,36.50,330.06
119.10,60410.52,43008.39,36.64,330.07
119.20,60379.86,43068.79,36.40,330.11
119.30,60484.13,43085.82,36.62,330.13
119.40,60494.77,43126.50,36.54,330.16
119.50,60451.92,43191.10,36.26,330.18
119.60,60467.03,43220.53,36.22,330.20
119.70,60533.38,43252.81,36.31,330.18
119.80,60738.36,43311.70,36.69,330.16
119.90,60521.01,43327.60,36.10,330.11
120.00,60464.90,43360.22,35.88,330.07
120.10,60642.36,43352.71,36.36,330.05
120.20,60662.33,43436.43,36.20,330.03
120.30,60677.73,43493.55,36.11,329.97
120.40,60779.71,43528.81,36.27,330.02
120.50,60895.61,43604.29,36.38,329.98
120.60,60880.80,43611.46,36.33,329.95
120.70,60922.11,43676.64,36.26,330.02
120.80,60805.35,43688.96,35.93,330.02
120.90,60993.43,43745.72,36.27,330.01
121.00,61157.95,43795.32,36.57,329.98
121.10,61004.40,43827.07,36.08,330.06
121.20,61223.37,43853.29,36.58,330.03
121.30,61169.61,43895.20,36.31,330.18
121.40,61281.34,43943.61,36.48,330.13
121.50,61323.62,43968.84,36.52,330.16
121.60,61239.51,44012.55,36.18,330.21
121.70,61318.71,44077.11,36.22,330.21
121.80,61281.56,44150.09,35.94,330.18
121.90,61452.04,44143.18,36.39,330.22
122.00,61460.84,44177.25,36.33,330.18
122.10,61546.26,44223.74,36.43,330.20
122.20,61596.24,44283.08,36.40,330.24
122.30,61690.65,44314.74,36.57,330.18
122.40,61790.55,44342.23,36.76,330.17
122.50,61670.01,44364.97,36.39,330.18
122.60,61817.28,44414.86,36.64,330.20
122.70,61737.15,44507.04,36.21,330.11
122.80,61883.85,44538.37,36.50,330.17
122.90,61804.16,44578.78,36.20,330.11
123.00,61977.42,44629.87,36.52,330.09
123.10,62142.62,44663.57,36.85,330.14
123.20,62002.34,44711.80,36.37,330.11
123.30,62017.62,44735.72,36.33,330.22
123.40,62141.48,44783.20,36.54,330.17
123.50,62150.13,44803.25,36.50,330.18
123.60,62081.97,44842.47,36.22,330.24
123.70,62371.36,44924.89,36.76,330.20
123.80,62350.60,44941.66,36.68,330.10
123.90,62381.48,44999.66,36.61,330.11
124.00,62288.79,45023.92,36.32,330.07
124.10,62288.15,45066.11,36.20,330.11
124.20,62468.98,45039.98,36.73,330.14
124.30,62485.01,45133.31,36.52,330.20
124.40,62442.84,45189.24,36.28,330.14
124.50,62571.07,45245.11,36.47,330.11
124.60,62517.48,45261.61,36.30,330.06
124.70,62630.81,45260.63,36.59,330.09
124.80,62591.16,45345.61,36.27,330.09
124.90,62791.80,45401.44,36.63,330.17
125.00,62720.71,45402.39,36.45,330.13
125.10,62842.90,45452.88,36.62,330.22
125.20,62917.93,45517.43,36.65,330.20
125.30,62860.16,45524.32,36.48,330.22
125.40,62985.54,45617.01,36.57,330.20
125.50,63053.25,45641.18,36.69,330.16
125.60,62982.31,45672.92,36.43,330.14
125.70,63125.38,45706.37,36.71,330.16
125.80,63296.06,45757.45,37.01,330.20
125.90,63311.52,45804.99,36.93,330.18
126.00,63127.86,45813.74,36.44,330.16
126.10,63143.27,45893.57,36.27,330.20
126.20,63293.46,45908.45,36.63,330.13
126.30,63442.31,45971.03,36.85,330.14
126.40,63224.23,46010.52,36.18,330.20
126.50,63432.05,46067.61,36.56,330.24
126.60,63183.63,46086.21,35.87,330.26
126.70,63471.55,46126.84,36.51,330.24
126.80,63619.93,46159.37,36.82,330.17
126.90,63554.30,46232.25,36.47,330.14
127.00,63669.59,46282.17,36.63,330.20
127.10,63450.83,46273.90,36.09,330.18
127.20,63797.42,46354.48,36.76,330.26
127.30,63769.42,46377.20,36.63,330.26
127.40,63854.45,46413.98,36.76,330.24
127.50,63745.00,46463.50,36.36,330.21
127.60,63887.30,46535.08,36.55,330.14
127.70,63717.80,46561.80,36.03,330.24
127.80,63878.10,46594.64,36.36,330.22
127.90,63974.57,46634.65,36.50,330.29
128.00,64059.79,46727.14,36.49,330.24
128.10,63927.82,46733.37,36.14,330.18
128.20,64159.19,46805.34,36.55,330.18
128.30,64119.71,46806.86,36.45,330.18
128.40,64072.74,46881.05,36.12,330.26
128.50,64163.39,46866.76,36.39,330.26
128.60,64374.09,46946.12,36.73,330.25
128.70,64144.50,46962.38,36.10,330.25
128.80,64318.11,47029.28,36.38,330.24
128.90,64505.06,47062.39,36.76,330.29
129.00,64475.31,47109.96,36.56,330.32
129.10,64495.18,47135.40,36.54,330.36
129.20,64542.32,47166.46,36.58,330.36
129.30,64685.14,47242.68,36.75,330.36
129.40,64665.56,47218.14,36.77,330.30
129.50,64664.72,47349.75,36.43,330.30
129.60,64770.68,47365.85,36.66,330.33
129.70,64870.20,47430.42,36.76,330.28
129.80,64847.22,47485.74,36.57,330.20
129.90,64842.92,47530.94,36.44,330.24
130.00,64868.29,47522.24,36.53,330.22